year,month_num,actual_claim_amount,predicted_claim_amount,mae
2023,1,1275279.79,1057605.8774688393,82839.36433897635
2024,2,1008457.88,995501.73563236,82839.36433897635
2023,9,1019483.66,1021888.8266632259,82839.36433897635
2023,2,838635.2,1053141.2461181283,82839.36433897635
2024,4,994906.57,986572.4729309678,82839.36433897635
2023,6,1076443.54,1035282.720715329,82839.36433897635
